{
    "input_mean": [
        -0.0008503318910575494,
        -0.008760078809666338,
        -4.218757944828252e-05,
        0.8396644864154764
    ],
    "input_std": [
        0.1861670095438333,
        0.4774087660559827,
        0.020989060917116113,
        0.22962076376680135
    ],
    "label_mean": [
        5860.197522649909,
        5782.448584720676,
        5717.977095603356,
        5639.4983339534465,
        5565.671497847301,
        5489.227014283055,
        5412.8967951676,
        5335.687198651761,
        5258.251068279329,
        5181.657443191808,
        5105.997807567969,
        5031.1267622700125,
        4956.431049659212,
        4882.260432618251,
        4807.585896964618,
        4732.161962310987,
        4656.532917934828,
        4580.089885763503,
        4502.393586415266,
        4423.791178096832,
        4345.566201296092,
        4267.364144206706,
        4188.231038050277,
        4108.235956977653,
        4027.9806258230897,
        3946.7720331471114,
        3863.207460716949,
        3778.03387292365,
        3692.0812782811918,
        3606.07263029795,
        3520.2860380595876,
        3435.2346700633157,
        3350.12327747486,
        3264.1454612011134,
        3178.6053741955293,
        3093.059701670393,
        3007.541686798888,
        2922.4162254450653,
        2836.9179635474866,
        2751.226741899442,
        2665.658454761639,
        2579.9721665307266,
        2493.685628387336,
        2407.550446432032,
        2321.973277899438,
        2237.389303677841,
        2154.028817493483,
        2071.7397195046547,
        1991.325014890132,
        1913.0620444469275,
        1836.9811103705777,
        1763.0209021582884,
        1691.2244580279335,
        1621.4542054543767,
        1553.8442145642452,
        1488.2074107132223,
        1424.2374141564235,
        1362.2953750484166,
        1302.4624299441339,
        1245.0482196834264,
        1190.0569705810055,
        1137.1513556890127,
        1086.242320189944,
        1037.3312996610798,
        991.068548614525,
        947.3634652011178,
        905.8673361024206,
        866.5785328510245,
        829.5429589571694,
        794.583909392924,
        761.6534288063315,
        730.5099266890137,
        701.171143432029,
        673.4761741862199,
        647.3086978491622,
        622.5302548007448,
        599.5821286238362,
        578.1645502588464,
        557.858362614525,
        538.543658603352,
        520.4692029478591,
        503.4642922327749,
        487.2861974487898,
        471.333366396648,
        455.83795169273765,
        440.6710057076351,
        425.85042166666636,
        411.26177815270006,
        396.8795091638735,
        383.1292590297951,
        369.5745966163872,
        356.2756534562385,
        342.98612711918065,
        329.60793192737407,
        315.7698273724395,
        301.8316924785845,
        288.03742846927366,
        274.1992001843579,
        260.3815316201118,
        246.64093307821207,
        232.5591002216014,
        218.49971177653623,
        204.46888745623846,
        190.65421553072628,
        177.13684088268167,
        164.11045475791428,
        151.58763211359403,
        139.57117140037238,
        128.20659884357542,
        117.4730924636871,
        107.39336210614536,
        97.59109235009315,
        88.32241210614514,
        79.54637627188079,
        71.41624674487889,
        64.20117281005584,
        57.745331303538194,
        51.914773828677816,
        46.47980961452514,
        41.46977454189944,
        36.94389395903163,
        33.02310140968343,
        29.25967100000001,
        25.859263702048406,
        22.88998359590319,
        20.40766285288639,
        18.20306742458098,
        16.0367682886406,
        14.009650145251403,
        12.187015122905038,
        10.754571188081927,
        9.615603698324025,
        8.69364758472998,
        8.0149635083799,
        7.497353379888266,
        6.895306402234632,
        6.444709389199247,
        6.066962945996279,
        5.7403746741154595,
        5.401890450651773,
        5.007588035381752,
        4.655951042830531,
        4.357770480446923,
        4.211914810055865,
        4.031739839851025,
        3.8173982439478578,
        3.601848914338921,
        3.3680483202979548,
        3.1206916219739265,
        2.886146,
        2.6484507709497214,
        2.4191223463687175,
        2.1878527858472983,
        1.923058709497205,
        1.731563590316574,
        1.5372400223463683,
        1.296639808193667,
        1.0730592849162004,
        0.9038871620111738,
        0.7771061657355675,
        0.7614972402234639,
        0.7083774432029797,
        0.661719743016759,
        0.621832409683427,
        0.5862354376163876,
        0.5519411024208568,
        0.5196425977653633,
        0.48942006703910595,
        0.4573854301675975,
        0.4300748603351949,
        0.40559126256983274,
        0.3812209981378022,
        0.35037555679702026,
        0.3214478603351955,
        0.2984236852886407,
        0.2761936163873372,
        0.2514841061452517,
        0.223844795158287,
        0.1963466052141527,
        0.15723660707634998,
        0.13024526629422703,
        0.10448489944134094,
        0.08157870949720672,
        0.06682507821229043,
        0.056493260707634975,
        0.044048594040968295,
        0.032363363128491564,
        0.022137210428305323,
        0.012314594040968362,
        0.0050377206703910915,
        -0.0031496610800744542,
        -0.005583016759776555,
        -0.006281214152700186,
        -0.006842143389199232,
        -0.007979851024208572,
        -0.009427482309124805,
        -0.009829480446927386,
        -0.010142374301675972,
        -0.009600461824953475,
        -0.008896508379888207,
        -0.008261651769087547,
        -0.0076663500931098616,
        -0.00710128677839851,
        -0.00656638733705776,
        -0.006078281191806329,
        -0.005641417132215995,
        -0.005243080074487916,
        -0.004883733705772822,
        -0.004557886405959002,
        -0.004262119180633137,
        -0.003992260707635013,
        -0.0037497877094971785,
        -0.003539545623836101,
        -0.0033622830540036845,
        -0.003221139664804462,
        -0.0031175009310986847,
        -0.0030462849162011343,
        -0.003000150837988825,
        -0.0029698789571694444,
        -0.00294788268156421,
        -0.0029295512104283218,
        -0.002910664804469234,
        -0.002886461824953433,
        -0.0028497597765362952,
        -0.0027971862197392937,
        -0.0027278081936685118,
        -0.0026484916201117616,
        -0.002561374301675982,
        -0.0024652644320298004,
        -0.002361560521415281,
        -0.002255394785847293,
        -0.002148811918063315,
        -0.00203872067039107,
        -0.0019249441340782082,
        -0.0018121657355679645,
        -0.0017017877094972027,
        -0.0015906927374301526,
        -0.0014774469273742975,
        -0.001360162011173183,
        -0.001237320297951591,
        -0.0011062253258845422,
        -0.0009655437616387337,
        -0.000810418994413412,
        -0.0006382793296089405,
        -0.00045150651769087304,
        -0.00024986592178771326,
        -7.283240223463675e-05,
        0.0001445158286778409,
        0.00012680633147113643,
        0.0001595270018621983
    ],