{
    "input_mean": [
        -0.0007254155887577187,
        -0.009393287140775863,
        -7.598896400549188e-05,
        0.8396655340010857
    ],
    "input_std": [
        0.1862671742339889,
        0.47574475793260707,
        0.020872260371078172,
        0.22967831649258658
    ],
    "label_mean": [
        5874.172443702225,
        5796.721370357783,
        5732.256933337779,
        5653.479551848889,
        5579.016605204446,
        5502.318254817779,
        5425.501450384442,
        5347.944944466664,
        5270.170198511109,
        5193.10779999556,
        5116.8440170288895,
        5041.119442968883,
        4965.595480008886,
        4890.352834040001,
        4814.579182217779,
        4737.989162433331,
        4661.454870220002,
        4584.507185166666,
        4506.681433859998,
        4428.012263651108,
        4349.350703922224,
        4270.619135788893,
        4190.735573553333,
        4110.022723477778,
        4028.7668431044444,
        3946.1363099333316,
        3860.9357557200037,
        3774.1033587400016,
        3686.521747264444,
        3598.3780654111106,
        3510.4585464466663,
        3423.624405764446,
        3337.2094289622237,
        3250.0022416222196,
        3163.2707778622216,
        3076.707814728891,
        2990.6435648422257,
        2905.1744776955547,
        2819.4084868733325,
        2733.500052962222,
        2647.9106095688876,
        2562.1986348022238,
        2475.668911213333,
        2389.285440664445,
        2303.5446753355527,
        2219.1438477933343,
        2136.2335073977783,
        2054.5002034933327,
        1975.062569171113,
        1898.1957156311116,
        1823.2237826711118,
        1750.364589542224,
        1679.5618250977789,
        1610.870136735556,
        1544.4293478244444,
        1480.0940742755565,
        1417.1932636266656,
        1356.2308414111092,
        1297.0385966199997,
        1239.7782565622226,
        1184.6554138533338,
        1131.3515295644447,
        1079.9423488311113,
        1030.4709074399993,
        983.5998805288887,
        939.2901343977786,
        897.2504737400001,
        857.4935010533331,
        820.1157641355557,
        784.9203946977783,
        752.0304177022217,
        721.2152139266669,
        692.3013029288887,
        665.0659796288891,
        639.5315128022224,
        615.5317193266667,
        593.4778415244449,
        573.1342494733339,
        553.9729050377775,
        535.9433935999998,
        519.0157022688899,
        502.9703347333335,
        487.69255215555603,
        472.55194806444433,
        457.86652424000016,
        443.41175740444453,
        429.1466076266666,
        415.09506613555544,
        401.1612136177779,
        387.62623421333325,
        374.0103465311111,
        360.52174488000037,
        347.00383773555546,
        333.4140076622222,
        319.30696888666665,
        305.10467483555544,
        291.0326485555555,
        276.925025557778,
        262.96923092444445,
        249.2358040844443,
        235.1798147755554,
        221.01264720222204,
        206.9160100200002,
        192.99527868888887,
        179.33551856000008,
        166.0529350977777,
        153.3517848133332,
        141.35416491111107,
        129.93419912444446,
        119.18367465111102,
        109.2356924177779,
        99.60845088888892,
        90.47184584222208,
        81.8454957466666,
        73.6505414799999,
        66.3244710777778,
        59.756099057777796,
        53.88839384666666,
        48.34821757111111,
        43.244275857777794,
        38.550171251111074,
        34.48089979777778,
        30.624141273333354,
        27.091080277777753,
        23.946080406666677,
        21.298765897777763,
        18.990289631111096,
        16.71852967555555,
        14.623139395555569,
        12.69946636222223,
        11.197874606666666,
        10.05531918222222,
        9.14418794888889,
        8.494883686666672,
        7.981621351111109,
        7.433791128888889,
        6.967511848888885,
        6.566733182222223,
        6.2146329933333355,
        5.852370402222225,
        5.425684537777782,
        5.041488722222216,
        4.717327815555551,
        4.5717928555555565,
        4.386170397777778,
        4.159231724444443,
        3.930584077777779,
        3.681486057777779,
        3.4175852999999976,
        3.1728609111111115,
        2.9253221599999994,
        2.68959370888889,
        2.4509134022222234,
        2.161321842222222,
        1.9613469977777784,
        1.764496915555555,
        1.507860646666665,
        1.2513516355555552,
        1.059387162222223,
        0.9141675044444438,
        0.9020445088888893,
        0.8460896577777777,
        0.7929539977777769,
        0.7468972111111111,
        0.7052844755555557,
        0.6650491511111113,
        0.6268904644444445,
        0.5914537644444441,
        0.5541882977777774,
        0.5234221733333329,
        0.4959056577777779,
        0.46748970888888874,
        0.43121547333333315,
        0.3970231266666667,
        0.3698321822222224,
        0.34372120666666667,
        0.3146962955555555,
        0.2823546733333336,
        0.24984974444444438,
        0.2035220244444443,
        0.17195004666666658,
        0.14160825777777786,
        0.11476989777777774,
        0.09757670444444437,
        0.08557562444444444,
        0.07074845777777775,
        0.05688163777777772,
        0.04484943777777772,
        0.03313469333333332,
        0.024297222222222227,
        0.014394075555555592,
        0.01136683999999998,
        0.010352422222222208,
        0.009473620000000033,
        0.007899904444444446,
        0.005909353333333278,
        0.005210853333333332,
        0.00459784222222222,
        0.00497374888888887,
        0.005540400000000041,
        0.00601330888888885,
        0.006436579999999987,
        0.006830175555555529,
        0.00719003111111108,
        0.007499146666666677,
        0.007757880000000028,
        0.007974657777777765,
        0.008155511111111114,
        0.008306442222222252,
        0.008428935555555588,
        0.008525275555555578,
        0.008592204444444458,
        0.008623615555555578,
        0.008620046666666705,
        0.00858036222222223,
        0.008502662222222221,
        0.008390411111111093,
        0.008250346666666667,
        0.008093544444444463,
        0.007930675555555586,
        0.007768162222222197,
        0.007608320000000041,
        0.0074510688888889025,
        0.007295968888888911,
        0.007140842222222208,
        0.006983413333333359,
        0.006818793333333305,
        0.006647024444444441,
        0.00646776666666666,
        0.0062750111111111034,
        0.006063471111111115,
        0.005831446666666663,
        0.0055807133333333194,
        0.005310695555555559,
        0.005018802222222223,
        0.004708093333333331,
        0.00438402444444446,
        0.004050313333333334,
        0.003713191111111115,
        0.003377462222222212,
        0.003049382222222224,
        0.0027306155555555595,
        0.0024248266666666613,
        0.0021378222222222226,
        0.0018683688888888913,
        0.001618053333333334,
        0.0013526933333333339,
        0.0011328466666666677,
        0.0007067955555555566,
        0.0003335022222222229
    ],