{
    "label_mean": 954.2352905273438,
    "label_std": 1821.6373291015625
}